sample,TYPE,D50 ,TOC,Aluminum ,Arsenic ,Barium ,Beryllium ,Calcium_µg/g,Chromium ,Cobalt ,Copper ,Iron ,Lead ,Magnesium ,Manganese ,Nickelgg,Potassiumgg,Uraniumgg,Vanadiumgg,Zinc ,C13,N15,N,Cs137,210PbXs
CTAIL1,mixture,13.01307801,3.875543211,5392.480159,2.908667502,77.55178571,0.755774854,12092.30482,7.815622389,7.650271512,16.30539891,12113.89724,20.68491019,1252.32947,725.6511069,8.006129908,886.1099624,0.580857593,13.02588764,42.55971178,-25.92002044,5.237849833,0.358622389,0.340532561,1.140546796
CTAIL2,mixture,18.14892857,7.321013498,4602.142857,2.464285714,110.5,0.75,4055.785714,5.964285714,6.392857143,7.135714286,7747.857143,27.20714286,882.8571429,1097.857143,6.992857143,861.5,0.346153846,10,27.1,-27.56271749,1.192857143,0.517071429,0.933421429,2.8065
CTAIL3,mixture,12.16435714,3.694285124,5145,3.878571429,61.00714286,0.75,4040.714286,8.364285714,7.085714286,16.82857143,12210.71429,22.23571429,1293.928571,591.9285714,7.121428571,1345.571429,0.621428571,14.58571429,52.06428571,-26.20544432,7.118571429,0.4195,0.195071429,0.843357143
CTAIL4,mixture,10.7285,2.40245781,6832.777778,2.544444444,83,0.938888889,37241.66667,9.944444444,9.927777778,13.08888889,17723.33333,17.93888889,2119.111111,730.5555556,12.19444444,568,0.461111111,15.33888889,46.61666667,-26.42560632,4.759444444,0.242444444,0.089763704,0.423550419
CTAIL5,mixture,11.01052632,2.08441641,4990,2.747368421,55.7,0.584210526,3031.052632,6.989473684,7.194736842,28.16842105,10773.68421,15.35789474,713.4210526,482.2631579,5.715789474,769.3684211,0.894736842,12.17894737,44.45789474,-23.48631364,7.880526316,0.255473684,0.143873684,0.488779623
